dataset,role,task,seed,fold,metric,value,clean_accuracy,result_path
ASP_clean,baseline,asp_baseline,42,0,gauss_noise_mean,0.11511199319535015,0.7349021831584917,outputs/public_robustness_attribution/asp_baseline/public_cv_parity_v1/seed42_fold0/eval/resnet50/results.json
ASP_clean,baseline,asp_baseline,42,0,motion_blur_mean,0.37529534070503734,0.7349021831584917,outputs/public_robustness_attribution/asp_baseline/public_cv_parity_v1/seed42_fold0/eval/resnet50/results.json
ASP_clean,baseline,asp_baseline,42,0,jpeg_compress_mean,0.6900103959928173,0.7349021831584917,outputs/public_robustness_attribution/asp_baseline/public_cv_parity_v1/seed42_fold0/eval/resnet50/results.json
ASP_clean,baseline,asp_baseline,42,0,brightness_mean,0.6828277100463094,0.7349021831584917,outputs/public_robustness_attribution/asp_baseline/public_cv_parity_v1/seed42_fold0/eval/resnet50/results.json
ASP_clean,baseline,asp_baseline,42,0,occlusion_mean,0.6794253851242794,0.7349021831584917,outputs/public_robustness_attribution/asp_baseline/public_cv_parity_v1/seed42_fold0/eval/resnet50/results.json
ASP_clean,baseline,asp_baseline,42,0,all_corruption_mean,0.5085341650127587,0.7349021831584917,outputs/public_robustness_attribution/asp_baseline/public_cv_parity_v1/seed42_fold0/eval/resnet50/results.json
ASP_clean,baseline,asp_baseline,42,1,gauss_noise_mean,0.10585010868537946,0.7309328040827899,outputs/public_robustness_attribution/asp_baseline/public_cv_parity_v1/seed42_fold1/eval/resnet50/results.json
ASP_clean,baseline,asp_baseline,42,1,motion_blur_mean,0.4256686513562045,0.7309328040827899,outputs/public_robustness_attribution/asp_baseline/public_cv_parity_v1/seed42_fold1/eval/resnet50/results.json
ASP_clean,baseline,asp_baseline,42,1,jpeg_compress_mean,0.6886872696342501,0.7309328040827899,outputs/public_robustness_attribution/asp_baseline/public_cv_parity_v1/seed42_fold1/eval/resnet50/results.json
ASP_clean,baseline,asp_baseline,42,1,brightness_mean,0.6745109157924581,0.7309328040827899,outputs/public_robustness_attribution/asp_baseline/public_cv_parity_v1/seed42_fold1/eval/resnet50/results.json
ASP_clean,baseline,asp_baseline,42,1,occlusion_mean,0.6761175692278613,0.7309328040827899,outputs/public_robustness_attribution/asp_baseline/public_cv_parity_v1/seed42_fold1/eval/resnet50/results.json
ASP_clean,baseline,asp_baseline,42,1,all_corruption_mean,0.5141669029392307,0.7309328040827899,outputs/public_robustness_attribution/asp_baseline/public_cv_parity_v1/seed42_fold1/eval/resnet50/results.json
ASP_clean,baseline,asp_baseline,42,2,gauss_noise_mean,0.11492297514412626,0.7263963708534165,outputs/public_robustness_attribution/asp_baseline/public_cv_parity_v1/seed42_fold2/eval/resnet50/results.json
ASP_clean,baseline,asp_baseline,42,2,motion_blur_mean,0.3743502504489179,0.7263963708534165,outputs/public_robustness_attribution/asp_baseline/public_cv_parity_v1/seed42_fold2/eval/resnet50/results.json
ASP_clean,baseline,asp_baseline,42,2,jpeg_compress_mean,0.6918060674794443,0.7263963708534165,outputs/public_robustness_attribution/asp_baseline/public_cv_parity_v1/seed42_fold2/eval/resnet50/results.json
ASP_clean,baseline,asp_baseline,42,2,brightness_mean,0.6774406955864285,0.7263963708534165,outputs/public_robustness_attribution/asp_baseline/public_cv_parity_v1/seed42_fold2/eval/resnet50/results.json
ASP_clean,baseline,asp_baseline,42,2,occlusion_mean,0.6788583309706077,0.7263963708534165,outputs/public_robustness_attribution/asp_baseline/public_cv_parity_v1/seed42_fold2/eval/resnet50/results.json
ASP_clean,baseline,asp_baseline,42,2,all_corruption_mean,0.5074756639259049,0.7263963708534165,outputs/public_robustness_attribution/asp_baseline/public_cv_parity_v1/seed42_fold2/eval/resnet50/results.json
ASP_clean,baseline,asp_baseline,42,3,gauss_noise_mean,0.12872129288347037,0.7255457896229089,outputs/public_robustness_attribution/asp_baseline/public_cv_parity_v1/seed42_fold3/eval/resnet50/results.json
ASP_clean,baseline,asp_baseline,42,3,motion_blur_mean,0.3826670447027691,0.7255457896229089,outputs/public_robustness_attribution/asp_baseline/public_cv_parity_v1/seed42_fold3/eval/resnet50/results.json
ASP_clean,baseline,asp_baseline,42,3,jpeg_compress_mean,0.6991777714771761,0.7255457896229089,outputs/public_robustness_attribution/asp_baseline/public_cv_parity_v1/seed42_fold3/eval/resnet50/results.json
ASP_clean,baseline,asp_baseline,42,3,brightness_mean,0.6662886305642188,0.7255457896229089,outputs/public_robustness_attribution/asp_baseline/public_cv_parity_v1/seed42_fold3/eval/resnet50/results.json
ASP_clean,baseline,asp_baseline,42,3,occlusion_mean,0.669596446460637,0.7255457896229089,outputs/public_robustness_attribution/asp_baseline/public_cv_parity_v1/seed42_fold3/eval/resnet50/results.json
ASP_clean,baseline,asp_baseline,42,3,all_corruption_mean,0.5092902372176543,0.7255457896229089,outputs/public_robustness_attribution/asp_baseline/public_cv_parity_v1/seed42_fold3/eval/resnet50/results.json
ASP_clean,baseline,asp_baseline,42,4,gauss_noise_mean,0.11369435781117097,0.7207258293166997,outputs/public_robustness_attribution/asp_baseline/public_cv_parity_v1/seed42_fold4/eval/resnet50/results.json
ASP_clean,baseline,asp_baseline,42,4,motion_blur_mean,0.33900387487005007,0.7207258293166997,outputs/public_robustness_attribution/asp_baseline/public_cv_parity_v1/seed42_fold4/eval/resnet50/results.json
ASP_clean,baseline,asp_baseline,42,4,jpeg_compress_mean,0.6805594934316227,0.7207258293166997,outputs/public_robustness_attribution/asp_baseline/public_cv_parity_v1/seed42_fold4/eval/resnet50/results.json
ASP_clean,baseline,asp_baseline,42,4,brightness_mean,0.6759285511766374,0.7207258293166997,outputs/public_robustness_attribution/asp_baseline/public_cv_parity_v1/seed42_fold4/eval/resnet50/results.json
ASP_clean,baseline,asp_baseline,42,4,occlusion_mean,0.6695019374350251,0.7207258293166997,outputs/public_robustness_attribution/asp_baseline/public_cv_parity_v1/seed42_fold4/eval/resnet50/results.json
ASP_clean,baseline,asp_baseline,42,4,all_corruption_mean,0.49573764294490125,0.7207258293166997,outputs/public_robustness_attribution/asp_baseline/public_cv_parity_v1/seed42_fold4/eval/resnet50/results.json
ASP_clean,baseline,asp_baseline,1337,0,gauss_noise_mean,0.11596257442585767,0.7227105188545506,outputs/public_robustness_attribution/asp_baseline/public_cv_parity_v1/seed1337_fold0/eval/resnet50/results.json
ASP_clean,baseline,asp_baseline,1337,0,motion_blur_mean,0.4346470087893394,0.7227105188545506,outputs/public_robustness_attribution/asp_baseline/public_cv_parity_v1/seed1337_fold0/eval/resnet50/results.json
ASP_clean,baseline,asp_baseline,1337,0,jpeg_compress_mean,0.6902939230696532,0.7227105188545506,outputs/public_robustness_attribution/asp_baseline/public_cv_parity_v1/seed1337_fold0/eval/resnet50/results.json
ASP_clean,baseline,asp_baseline,1337,0,brightness_mean,0.683489273225593,0.7227105188545506,outputs/public_robustness_attribution/asp_baseline/public_cv_parity_v1/seed1337_fold0/eval/resnet50/results.json
ASP_clean,baseline,asp_baseline,1337,0,occlusion_mean,0.6781022587657121,0.7227105188545506,outputs/public_robustness_attribution/asp_baseline/public_cv_parity_v1/seed1337_fold0/eval/resnet50/results.json
ASP_clean,baseline,asp_baseline,1337,0,all_corruption_mean,0.520499007655231,0.7227105188545506,outputs/public_robustness_attribution/asp_baseline/public_cv_parity_v1/seed1337_fold0/eval/resnet50/results.json
ASP_clean,baseline,asp_baseline,1337,1,gauss_noise_mean,0.1047160003780361,0.7314998582364616,outputs/public_robustness_attribution/asp_baseline/public_cv_parity_v1/seed1337_fold1/eval/resnet50/results.json
ASP_clean,baseline,asp_baseline,1337,1,motion_blur_mean,0.4058217559776959,0.7314998582364616,outputs/public_robustness_attribution/asp_baseline/public_cv_parity_v1/seed1337_fold1/eval/resnet50/results.json
ASP_clean,baseline,asp_baseline,1337,1,jpeg_compress_mean,0.6947358472734146,0.7314998582364616,outputs/public_robustness_attribution/asp_baseline/public_cv_parity_v1/seed1337_fold1/eval/resnet50/results.json
ASP_clean,baseline,asp_baseline,1337,1,brightness_mean,0.6781967677913241,0.7314998582364616,outputs/public_robustness_attribution/asp_baseline/public_cv_parity_v1/seed1337_fold1/eval/resnet50/results.json
ASP_clean,baseline,asp_baseline,1337,1,occlusion_mean,0.6685568471789056,0.7314998582364616,outputs/public_robustness_attribution/asp_baseline/public_cv_parity_v1/seed1337_fold1/eval/resnet50/results.json
ASP_clean,baseline,asp_baseline,1337,1,all_corruption_mean,0.5104054437198753,0.7314998582364616,outputs/public_robustness_attribution/asp_baseline/public_cv_parity_v1/seed1337_fold1/eval/resnet50/results.json
ASP_clean,baseline,asp_baseline,1337,2,gauss_noise_mean,0.14733957092902372,0.7329174936206407,outputs/public_robustness_attribution/asp_baseline/public_cv_parity_v1/seed1337_fold2/eval/resnet50/results.json
ASP_clean,baseline,asp_baseline,1337,2,motion_blur_mean,0.4400340232492203,0.7329174936206407,outputs/public_robustness_attribution/asp_baseline/public_cv_parity_v1/seed1337_fold2/eval/resnet50/results.json
ASP_clean,baseline,asp_baseline,1337,2,jpeg_compress_mean,0.7036196956809375,0.7329174936206407,outputs/public_robustness_attribution/asp_baseline/public_cv_parity_v1/seed1337_fold2/eval/resnet50/results.json
ASP_clean,baseline,asp_baseline,1337,2,brightness_mean,0.6850959266609962,0.7329174936206407,outputs/public_robustness_attribution/asp_baseline/public_cv_parity_v1/seed1337_fold2/eval/resnet50/results.json
ASP_clean,baseline,asp_baseline,1337,2,occlusion_mean,0.6778187316888763,0.7329174936206407,outputs/public_robustness_attribution/asp_baseline/public_cv_parity_v1/seed1337_fold2/eval/resnet50/results.json
ASP_clean,baseline,asp_baseline,1337,2,all_corruption_mean,0.5307815896418108,0.7329174936206407,outputs/public_robustness_attribution/asp_baseline/public_cv_parity_v1/seed1337_fold2/eval/resnet50/results.json
ASP_clean,baseline,asp_baseline,1337,3,gauss_noise_mean,0.10008505812305075,0.7320669123901332,outputs/public_robustness_attribution/asp_baseline/public_cv_parity_v1/seed1337_fold3/eval/resnet50/results.json
ASP_clean,baseline,asp_baseline,1337,3,motion_blur_mean,0.38928267649560533,0.7320669123901332,outputs/public_robustness_attribution/asp_baseline/public_cv_parity_v1/seed1337_fold3/eval/resnet50/results.json
ASP_clean,baseline,asp_baseline,1337,3,jpeg_compress_mean,0.6999338436820717,0.7320669123901332,outputs/public_robustness_attribution/asp_baseline/public_cv_parity_v1/seed1337_fold3/eval/resnet50/results.json
ASP_clean,baseline,asp_baseline,1337,3,brightness_mean,0.6824496739438617,0.7320669123901332,outputs/public_robustness_attribution/asp_baseline/public_cv_parity_v1/seed1337_fold3/eval/resnet50/results.json
ASP_clean,baseline,asp_baseline,1337,3,occlusion_mean,0.6759285511766374,0.7320669123901332,outputs/public_robustness_attribution/asp_baseline/public_cv_parity_v1/seed1337_fold3/eval/resnet50/results.json
ASP_clean,baseline,asp_baseline,1337,3,all_corruption_mean,0.5095359606842453,0.7320669123901332,outputs/public_robustness_attribution/asp_baseline/public_cv_parity_v1/seed1337_fold3/eval/resnet50/results.json
ASP_clean,baseline,asp_baseline,1337,4,gauss_noise_mean,0.1106700689915887,0.7280975333144315,outputs/public_robustness_attribution/asp_baseline/public_cv_parity_v1/seed1337_fold4/eval/resnet50/results.json
ASP_clean,baseline,asp_baseline,1337,4,motion_blur_mean,0.41158680654002455,0.7280975333144315,outputs/public_robustness_attribution/asp_baseline/public_cv_parity_v1/seed1337_fold4/eval/resnet50/results.json
ASP_clean,baseline,asp_baseline,1337,4,jpeg_compress_mean,0.6953974104526982,0.7280975333144315,outputs/public_robustness_attribution/asp_baseline/public_cv_parity_v1/seed1337_fold4/eval/resnet50/results.json
ASP_clean,baseline,asp_baseline,1337,4,brightness_mean,0.673093280408279,0.7280975333144315,outputs/public_robustness_attribution/asp_baseline/public_cv_parity_v1/seed1337_fold4/eval/resnet50/results.json
ASP_clean,baseline,asp_baseline,1337,4,occlusion_mean,0.6724317172289954,0.7280975333144315,outputs/public_robustness_attribution/asp_baseline/public_cv_parity_v1/seed1337_fold4/eval/resnet50/results.json
ASP_clean,baseline,asp_baseline,1337,4,all_corruption_mean,0.5126358567243172,0.7280975333144315,outputs/public_robustness_attribution/asp_baseline/public_cv_parity_v1/seed1337_fold4/eval/resnet50/results.json
ASP_clean,baseline,asp_baseline,2024,0,gauss_noise_mean,0.14847367923636706,0.7360362914658349,outputs/public_robustness_attribution/asp_baseline/public_cv_parity_v1/seed2024_fold0/eval/resnet50/results.json
ASP_clean,baseline,asp_baseline,2024,0,motion_blur_mean,0.4362536622247425,0.7360362914658349,outputs/public_robustness_attribution/asp_baseline/public_cv_parity_v1/seed2024_fold0/eval/resnet50/results.json
ASP_clean,baseline,asp_baseline,2024,0,jpeg_compress_mean,0.6929401757867877,0.7360362914658349,outputs/public_robustness_attribution/asp_baseline/public_cv_parity_v1/seed2024_fold0/eval/resnet50/results.json
ASP_clean,baseline,asp_baseline,2024,0,brightness_mean,0.6837728003024289,0.7360362914658349,outputs/public_robustness_attribution/asp_baseline/public_cv_parity_v1/seed2024_fold0/eval/resnet50/results.json
ASP_clean,baseline,asp_baseline,2024,0,occlusion_mean,0.6704470276911445,0.7360362914658349,outputs/public_robustness_attribution/asp_baseline/public_cv_parity_v1/seed2024_fold0/eval/resnet50/results.json
ASP_clean,baseline,asp_baseline,2024,0,all_corruption_mean,0.5263774690482941,0.7360362914658349,outputs/public_robustness_attribution/asp_baseline/public_cv_parity_v1/seed2024_fold0/eval/resnet50/results.json
ASP_clean,baseline,asp_baseline,2024,1,gauss_noise_mean,0.14677251677535205,0.7380209810036858,outputs/public_robustness_attribution/asp_baseline/public_cv_parity_v1/seed2024_fold1/eval/resnet50/results.json
ASP_clean,baseline,asp_baseline,2024,1,motion_blur_mean,0.43804933371136945,0.7380209810036858,outputs/public_robustness_attribution/asp_baseline/public_cv_parity_v1/seed2024_fold1/eval/resnet50/results.json
ASP_clean,baseline,asp_baseline,2024,1,jpeg_compress_mean,0.688781778659862,0.7380209810036858,outputs/public_robustness_attribution/asp_baseline/public_cv_parity_v1/seed2024_fold1/eval/resnet50/results.json
ASP_clean,baseline,asp_baseline,2024,1,brightness_mean,0.6762120782534732,0.7380209810036858,outputs/public_robustness_attribution/asp_baseline/public_cv_parity_v1/seed2024_fold1/eval/resnet50/results.json
ASP_clean,baseline,asp_baseline,2024,1,occlusion_mean,0.6682733201020697,0.7380209810036858,outputs/public_robustness_attribution/asp_baseline/public_cv_parity_v1/seed2024_fold1/eval/resnet50/results.json
ASP_clean,baseline,asp_baseline,2024,1,all_corruption_mean,0.5236178055004252,0.7380209810036858,outputs/public_robustness_attribution/asp_baseline/public_cv_parity_v1/seed2024_fold1/eval/resnet50/results.json
ASP_clean,baseline,asp_baseline,2024,2,gauss_noise_mean,0.14715055287779982,0.7332010206974766,outputs/public_robustness_attribution/asp_baseline/public_cv_parity_v1/seed2024_fold2/eval/resnet50/results.json
ASP_clean,baseline,asp_baseline,2024,2,motion_blur_mean,0.40185237690199416,0.7332010206974766,outputs/public_robustness_attribution/asp_baseline/public_cv_parity_v1/seed2024_fold2/eval/resnet50/results.json
ASP_clean,baseline,asp_baseline,2024,2,jpeg_compress_mean,0.697665627067385,0.7332010206974766,outputs/public_robustness_attribution/asp_baseline/public_cv_parity_v1/seed2024_fold2/eval/resnet50/results.json
ASP_clean,baseline,asp_baseline,2024,2,brightness_mean,0.683678291276817,0.7332010206974766,outputs/public_robustness_attribution/asp_baseline/public_cv_parity_v1/seed2024_fold2/eval/resnet50/results.json
ASP_clean,baseline,asp_baseline,2024,2,occlusion_mean,0.6822606558926377,0.7332010206974766,outputs/public_robustness_attribution/asp_baseline/public_cv_parity_v1/seed2024_fold2/eval/resnet50/results.json
ASP_clean,baseline,asp_baseline,2024,2,all_corruption_mean,0.5225215008033267,0.7332010206974766,outputs/public_robustness_attribution/asp_baseline/public_cv_parity_v1/seed2024_fold2/eval/resnet50/results.json
ASP_clean,baseline,asp_baseline,2024,3,gauss_noise_mean,0.10112465740478216,0.732633966543805,outputs/public_robustness_attribution/asp_baseline/public_cv_parity_v1/seed2024_fold3/eval/resnet50/results.json
ASP_clean,baseline,asp_baseline,2024,3,motion_blur_mean,0.3849352613174558,0.732633966543805,outputs/public_robustness_attribution/asp_baseline/public_cv_parity_v1/seed2024_fold3/eval/resnet50/results.json
ASP_clean,baseline,asp_baseline,2024,3,jpeg_compress_mean,0.6928456667611758,0.732633966543805,outputs/public_robustness_attribution/asp_baseline/public_cv_parity_v1/seed2024_fold3/eval/resnet50/results.json
ASP_clean,baseline,asp_baseline,2024,3,brightness_mean,0.6791418580474435,0.732633966543805,outputs/public_robustness_attribution/asp_baseline/public_cv_parity_v1/seed2024_fold3/eval/resnet50/results.json
ASP_clean,baseline,asp_baseline,2024,3,occlusion_mean,0.6779132407144882,0.732633966543805,outputs/public_robustness_attribution/asp_baseline/public_cv_parity_v1/seed2024_fold3/eval/resnet50/results.json
ASP_clean,baseline,asp_baseline,2024,3,all_corruption_mean,0.507192136849069,0.732633966543805,outputs/public_robustness_attribution/asp_baseline/public_cv_parity_v1/seed2024_fold3/eval/resnet50/results.json
ASP_clean,baseline,asp_baseline,2024,4,gauss_noise_mean,0.11719119175881297,0.7292316416217749,outputs/public_robustness_attribution/asp_baseline/public_cv_parity_v1/seed2024_fold4/eval/resnet50/results.json
ASP_clean,baseline,asp_baseline,2024,4,motion_blur_mean,0.398544561005576,0.7292316416217749,outputs/public_robustness_attribution/asp_baseline/public_cv_parity_v1/seed2024_fold4/eval/resnet50/results.json
ASP_clean,baseline,asp_baseline,2024,4,jpeg_compress_mean,0.7032416595784897,0.7292316416217749,outputs/public_robustness_attribution/asp_baseline/public_cv_parity_v1/seed2024_fold4/eval/resnet50/results.json
ASP_clean,baseline,asp_baseline,2024,4,brightness_mean,0.6807485114828467,0.7292316416217749,outputs/public_robustness_attribution/asp_baseline/public_cv_parity_v1/seed2024_fold4/eval/resnet50/results.json
ASP_clean,baseline,asp_baseline,2024,4,occlusion_mean,0.6752669879973537,0.7292316416217749,outputs/public_robustness_attribution/asp_baseline/public_cv_parity_v1/seed2024_fold4/eval/resnet50/results.json
ASP_clean,baseline,asp_baseline,2024,4,all_corruption_mean,0.5149985823646158,0.7292316416217749,outputs/public_robustness_attribution/asp_baseline/public_cv_parity_v1/seed2024_fold4/eval/resnet50/results.json
ASP_clean,aafnet,asp_aafnet,42,0,gauss_noise_mean,0.659105944617711,0.7428409413098951,outputs/public_robustness_attribution/asp_aafnet/public_cv_parity_v1/seed42_fold0/eval/resnet50/results.json
ASP_clean,aafnet,asp_aafnet,42,0,motion_blur_mean,0.4349305358661752,0.7428409413098951,outputs/public_robustness_attribution/asp_aafnet/public_cv_parity_v1/seed42_fold0/eval/resnet50/results.json
ASP_clean,aafnet,asp_aafnet,42,0,jpeg_compress_mean,0.7257348076741329,0.7428409413098951,outputs/public_robustness_attribution/asp_aafnet/public_cv_parity_v1/seed42_fold0/eval/resnet50/results.json
ASP_clean,aafnet,asp_aafnet,42,0,brightness_mean,0.7104243455249977,0.7428409413098951,outputs/public_robustness_attribution/asp_aafnet/public_cv_parity_v1/seed42_fold0/eval/resnet50/results.json
ASP_clean,aafnet,asp_aafnet,42,0,occlusion_mean,0.7017295151686986,0.7428409413098951,outputs/public_robustness_attribution/asp_aafnet/public_cv_parity_v1/seed42_fold0/eval/resnet50/results.json
ASP_clean,aafnet,asp_aafnet,42,0,all_corruption_mean,0.6463850297703431,0.7428409413098951,outputs/public_robustness_attribution/asp_aafnet/public_cv_parity_v1/seed42_fold0/eval/resnet50/results.json
ASP_clean,aafnet,asp_aafnet,42,1,gauss_noise_mean,0.6493715149796806,0.7360362914658349,outputs/public_robustness_attribution/asp_aafnet/public_cv_parity_v1/seed42_fold1/eval/resnet50/results.json
ASP_clean,aafnet,asp_aafnet,42,1,motion_blur_mean,0.45524997637274356,0.7360362914658349,outputs/public_robustness_attribution/asp_aafnet/public_cv_parity_v1/seed42_fold1/eval/resnet50/results.json
ASP_clean,aafnet,asp_aafnet,42,1,jpeg_compress_mean,0.7195917210093564,0.7360362914658349,outputs/public_robustness_attribution/asp_aafnet/public_cv_parity_v1/seed42_fold1/eval/resnet50/results.json
ASP_clean,aafnet,asp_aafnet,42,1,brightness_mean,0.7049428220395048,0.7360362914658349,outputs/public_robustness_attribution/asp_aafnet/public_cv_parity_v1/seed42_fold1/eval/resnet50/results.json
ASP_clean,aafnet,asp_aafnet,42,1,occlusion_mean,0.700973442963803,0.7360362914658349,outputs/public_robustness_attribution/asp_aafnet/public_cv_parity_v1/seed42_fold1/eval/resnet50/results.json
ASP_clean,aafnet,asp_aafnet,42,1,all_corruption_mean,0.6460258954730177,0.7360362914658349,outputs/public_robustness_attribution/asp_aafnet/public_cv_parity_v1/seed42_fold1/eval/resnet50/results.json
ASP_clean,aafnet,asp_aafnet,42,2,gauss_noise_mean,0.6662886305642188,0.7417068330025517,outputs/public_robustness_attribution/asp_aafnet/public_cv_parity_v1/seed42_fold2/eval/resnet50/results.json
ASP_clean,aafnet,asp_aafnet,42,2,motion_blur_mean,0.4357811170966827,0.7417068330025517,outputs/public_robustness_attribution/asp_aafnet/public_cv_parity_v1/seed42_fold2/eval/resnet50/results.json
ASP_clean,aafnet,asp_aafnet,42,2,jpeg_compress_mean,0.7221434647008789,0.7417068330025517,outputs/public_robustness_attribution/asp_aafnet/public_cv_parity_v1/seed42_fold2/eval/resnet50/results.json
ASP_clean,aafnet,asp_aafnet,42,2,brightness_mean,0.7190246668556847,0.7417068330025517,outputs/public_robustness_attribution/asp_aafnet/public_cv_parity_v1/seed42_fold2/eval/resnet50/results.json
ASP_clean,aafnet,asp_aafnet,42,2,occlusion_mean,0.7025800963992062,0.7417068330025517,outputs/public_robustness_attribution/asp_aafnet/public_cv_parity_v1/seed42_fold2/eval/resnet50/results.json
ASP_clean,aafnet,asp_aafnet,42,2,all_corruption_mean,0.6491635951233342,0.7417068330025517,outputs/public_robustness_attribution/asp_aafnet/public_cv_parity_v1/seed42_fold2/eval/resnet50/results.json
ASP_clean,aafnet,asp_aafnet,42,3,gauss_noise_mean,0.6352896701635006,0.7275304791607599,outputs/public_robustness_attribution/asp_aafnet/public_cv_parity_v1/seed42_fold3/eval/resnet50/results.json
ASP_clean,aafnet,asp_aafnet,42,3,motion_blur_mean,0.4314337019185332,0.7275304791607599,outputs/public_robustness_attribution/asp_aafnet/public_cv_parity_v1/seed42_fold3/eval/resnet50/results.json
ASP_clean,aafnet,asp_aafnet,42,3,jpeg_compress_mean,0.7117474718835649,0.7275304791607599,outputs/public_robustness_attribution/asp_aafnet/public_cv_parity_v1/seed42_fold3/eval/resnet50/results.json
ASP_clean,aafnet,asp_aafnet,42,3,brightness_mean,0.7038087137321614,0.7275304791607599,outputs/public_robustness_attribution/asp_aafnet/public_cv_parity_v1/seed42_fold3/eval/resnet50/results.json
ASP_clean,aafnet,asp_aafnet,42,3,occlusion_mean,0.6930346848123996,0.7275304791607599,outputs/public_robustness_attribution/asp_aafnet/public_cv_parity_v1/seed42_fold3/eval/resnet50/results.json
ASP_clean,aafnet,asp_aafnet,42,3,all_corruption_mean,0.6350628485020319,0.7275304791607599,outputs/public_robustness_attribution/asp_aafnet/public_cv_parity_v1/seed42_fold3/eval/resnet50/results.json
ASP_clean,aafnet,asp_aafnet,42,4,gauss_noise_mean,0.6500330781589642,0.7323504394669691,outputs/public_robustness_attribution/asp_aafnet/public_cv_parity_v1/seed42_fold4/eval/resnet50/results.json
ASP_clean,aafnet,asp_aafnet,42,4,motion_blur_mean,0.44778376334939984,0.7323504394669691,outputs/public_robustness_attribution/asp_aafnet/public_cv_parity_v1/seed42_fold4/eval/resnet50/results.json
ASP_clean,aafnet,asp_aafnet,42,4,jpeg_compress_mean,0.7179850675739533,0.7323504394669691,outputs/public_robustness_attribution/asp_aafnet/public_cv_parity_v1/seed42_fold4/eval/resnet50/results.json
ASP_clean,aafnet,asp_aafnet,42,4,brightness_mean,0.7078726018334751,0.7323504394669691,outputs/public_robustness_attribution/asp_aafnet/public_cv_parity_v1/seed42_fold4/eval/resnet50/results.json
ASP_clean,aafnet,asp_aafnet,42,4,occlusion_mean,0.6989887534259521,0.7323504394669691,outputs/public_robustness_attribution/asp_aafnet/public_cv_parity_v1/seed42_fold4/eval/resnet50/results.json
ASP_clean,aafnet,asp_aafnet,42,4,all_corruption_mean,0.6445326528683489,0.7323504394669691,outputs/public_robustness_attribution/asp_aafnet/public_cv_parity_v1/seed42_fold4/eval/resnet50/results.json
ASP_clean,aafnet,asp_aafnet,1337,0,gauss_noise_mean,0.6670447027691144,0.7388715622341934,outputs/public_robustness_attribution/asp_aafnet/public_cv_parity_v1/seed1337_fold0/eval/resnet50/results.json
ASP_clean,aafnet,asp_aafnet,1337,0,motion_blur_mean,0.4629997164729232,0.7388715622341934,outputs/public_robustness_attribution/asp_aafnet/public_cv_parity_v1/seed1337_fold0/eval/resnet50/results.json
ASP_clean,aafnet,asp_aafnet,1337,0,jpeg_compress_mean,0.7231830639826103,0.7388715622341934,outputs/public_robustness_attribution/asp_aafnet/public_cv_parity_v1/seed1337_fold0/eval/resnet50/results.json
ASP_clean,aafnet,asp_aafnet,1337,0,brightness_mean,0.7092902372176543,0.7388715622341934,outputs/public_robustness_attribution/asp_aafnet/public_cv_parity_v1/seed1337_fold0/eval/resnet50/results.json
ASP_clean,aafnet,asp_aafnet,1337,0,occlusion_mean,0.7085341650127587,0.7388715622341934,outputs/public_robustness_attribution/asp_aafnet/public_cv_parity_v1/seed1337_fold0/eval/resnet50/results.json
ASP_clean,aafnet,asp_aafnet,1337,0,all_corruption_mean,0.6542103770910122,0.7388715622341934,outputs/public_robustness_attribution/asp_aafnet/public_cv_parity_v1/seed1337_fold0/eval/resnet50/results.json
ASP_clean,aafnet,asp_aafnet,1337,1,gauss_noise_mean,0.6611851431811738,0.7314998582364616,outputs/public_robustness_attribution/asp_aafnet/public_cv_parity_v1/seed1337_fold1/eval/resnet50/results.json
ASP_clean,aafnet,asp_aafnet,1337,1,motion_blur_mean,0.43530857196862305,0.7314998582364616,outputs/public_robustness_attribution/asp_aafnet/public_cv_parity_v1/seed1337_fold1/eval/resnet50/results.json
ASP_clean,aafnet,asp_aafnet,1337,1,jpeg_compress_mean,0.7198752480861922,0.7314998582364616,outputs/public_robustness_attribution/asp_aafnet/public_cv_parity_v1/seed1337_fold1/eval/resnet50/results.json
ASP_clean,aafnet,asp_aafnet,1337,1,brightness_mean,0.7035251866553256,0.7314998582364616,outputs/public_robustness_attribution/asp_aafnet/public_cv_parity_v1/seed1337_fold1/eval/resnet50/results.json
ASP_clean,aafnet,asp_aafnet,1337,1,occlusion_mean,0.6956809375295341,0.7314998582364616,outputs/public_robustness_attribution/asp_aafnet/public_cv_parity_v1/seed1337_fold1/eval/resnet50/results.json
ASP_clean,aafnet,asp_aafnet,1337,1,all_corruption_mean,0.6431150174841698,0.7314998582364616,outputs/public_robustness_attribution/asp_aafnet/public_cv_parity_v1/seed1337_fold1/eval/resnet50/results.json
ASP_clean,aafnet,asp_aafnet,1337,2,gauss_noise_mean,0.664209432000756,0.73773745392685,outputs/public_robustness_attribution/asp_aafnet/public_cv_parity_v1/seed1337_fold2/eval/resnet50/results.json
ASP_clean,aafnet,asp_aafnet,1337,2,motion_blur_mean,0.3946696909554862,0.73773745392685,outputs/public_robustness_attribution/asp_aafnet/public_cv_parity_v1/seed1337_fold2/eval/resnet50/results.json
ASP_clean,aafnet,asp_aafnet,1337,2,jpeg_compress_mean,0.7136376523958038,0.73773745392685,outputs/public_robustness_attribution/asp_aafnet/public_cv_parity_v1/seed1337_fold2/eval/resnet50/results.json
ASP_clean,aafnet,asp_aafnet,1337,2,brightness_mean,0.7140156884982516,0.73773745392685,outputs/public_robustness_attribution/asp_aafnet/public_cv_parity_v1/seed1337_fold2/eval/resnet50/results.json
ASP_clean,aafnet,asp_aafnet,1337,2,occlusion_mean,0.7012569700406389,0.73773745392685,outputs/public_robustness_attribution/asp_aafnet/public_cv_parity_v1/seed1337_fold2/eval/resnet50/results.json
ASP_clean,aafnet,asp_aafnet,1337,2,all_corruption_mean,0.6375578867781873,0.73773745392685,outputs/public_robustness_attribution/asp_aafnet/public_cv_parity_v1/seed1337_fold2/eval/resnet50/results.json
ASP_clean,aafnet,asp_aafnet,1337,3,gauss_noise_mean,0.6584443814384274,0.7451091579245818,outputs/public_robustness_attribution/asp_aafnet/public_cv_parity_v1/seed1337_fold3/eval/resnet50/results.json
ASP_clean,aafnet,asp_aafnet,1337,3,motion_blur_mean,0.4181079293072488,0.7451091579245818,outputs/public_robustness_attribution/asp_aafnet/public_cv_parity_v1/seed1337_fold3/eval/resnet50/results.json
ASP_clean,aafnet,asp_aafnet,1337,3,jpeg_compress_mean,0.7209148473679237,0.7451091579245818,outputs/public_robustness_attribution/asp_aafnet/public_cv_parity_v1/seed1337_fold3/eval/resnet50/results.json
ASP_clean,aafnet,asp_aafnet,1337,3,brightness_mean,0.7152443058312069,0.7451091579245818,outputs/public_robustness_attribution/asp_aafnet/public_cv_parity_v1/seed1337_fold3/eval/resnet50/results.json
ASP_clean,aafnet,asp_aafnet,1337,3,occlusion_mean,0.7041867498346092,0.7451091579245818,outputs/public_robustness_attribution/asp_aafnet/public_cv_parity_v1/seed1337_fold3/eval/resnet50/results.json
ASP_clean,aafnet,asp_aafnet,1337,3,all_corruption_mean,0.6433796427558832,0.7451091579245818,outputs/public_robustness_attribution/asp_aafnet/public_cv_parity_v1/seed1337_fold3/eval/resnet50/results.json
ASP_clean,aafnet,asp_aafnet,1337,4,gauss_noise_mean,0.6567432189774124,0.7263963708534165,outputs/public_robustness_attribution/asp_aafnet/public_cv_parity_v1/seed1337_fold4/eval/resnet50/results.json
ASP_clean,aafnet,asp_aafnet,1337,4,motion_blur_mean,0.43710424345525,0.7263963708534165,outputs/public_robustness_attribution/asp_aafnet/public_cv_parity_v1/seed1337_fold4/eval/resnet50/results.json
ASP_clean,aafnet,asp_aafnet,1337,4,jpeg_compress_mean,0.7130705982421321,0.7263963708534165,outputs/public_robustness_attribution/asp_aafnet/public_cv_parity_v1/seed1337_fold4/eval/resnet50/results.json
ASP_clean,aafnet,asp_aafnet,1337,4,brightness_mean,0.7070220206029676,0.7263963708534165,outputs/public_robustness_attribution/asp_aafnet/public_cv_parity_v1/seed1337_fold4/eval/resnet50/results.json
ASP_clean,aafnet,asp_aafnet,1337,4,occlusion_mean,0.6964370097344297,0.7263963708534165,outputs/public_robustness_attribution/asp_aafnet/public_cv_parity_v1/seed1337_fold4/eval/resnet50/results.json
ASP_clean,aafnet,asp_aafnet,1337,4,all_corruption_mean,0.6420754182024383,0.7263963708534165,outputs/public_robustness_attribution/asp_aafnet/public_cv_parity_v1/seed1337_fold4/eval/resnet50/results.json
ASP_clean,aafnet,asp_aafnet,2024,0,gauss_noise_mean,0.6535299121066062,0.7366033456195067,outputs/public_robustness_attribution/asp_aafnet/public_cv_parity_v1/seed2024_fold0/eval/resnet50/results.json
ASP_clean,aafnet,asp_aafnet,2024,0,motion_blur_mean,0.44532652868348926,0.7366033456195067,outputs/public_robustness_attribution/asp_aafnet/public_cv_parity_v1/seed2024_fold0/eval/resnet50/results.json
ASP_clean,aafnet,asp_aafnet,2024,0,jpeg_compress_mean,0.7136376523958038,0.7366033456195067,outputs/public_robustness_attribution/asp_aafnet/public_cv_parity_v1/seed2024_fold0/eval/resnet50/results.json
ASP_clean,aafnet,asp_aafnet,2024,0,brightness_mean,0.7058879122956242,0.7366033456195067,outputs/public_robustness_attribution/asp_aafnet/public_cv_parity_v1/seed2024_fold0/eval/resnet50/results.json
ASP_clean,aafnet,asp_aafnet,2024,0,occlusion_mean,0.7002173707589074,0.7366033456195067,outputs/public_robustness_attribution/asp_aafnet/public_cv_parity_v1/seed2024_fold0/eval/resnet50/results.json
ASP_clean,aafnet,asp_aafnet,2024,0,all_corruption_mean,0.6437198752480862,0.7366033456195067,outputs/public_robustness_attribution/asp_aafnet/public_cv_parity_v1/seed2024_fold0/eval/resnet50/results.json
ASP_clean,aafnet,asp_aafnet,2024,1,gauss_noise_mean,0.6369908326245156,0.7317833853132975,outputs/public_robustness_attribution/asp_aafnet/public_cv_parity_v1/seed2024_fold1/eval/resnet50/results.json
ASP_clean,aafnet,asp_aafnet,2024,1,motion_blur_mean,0.3701918533219923,0.7317833853132975,outputs/public_robustness_attribution/asp_aafnet/public_cv_parity_v1/seed2024_fold1/eval/resnet50/results.json
ASP_clean,aafnet,asp_aafnet,2024,1,jpeg_compress_mean,0.7163784141385502,0.7317833853132975,outputs/public_robustness_attribution/asp_aafnet/public_cv_parity_v1/seed2024_fold1/eval/resnet50/results.json
ASP_clean,aafnet,asp_aafnet,2024,1,brightness_mean,0.706360457423684,0.7317833853132975,outputs/public_robustness_attribution/asp_aafnet/public_cv_parity_v1/seed2024_fold1/eval/resnet50/results.json
ASP_clean,aafnet,asp_aafnet,2024,1,occlusion_mean,0.6942633021453549,0.7317833853132975,outputs/public_robustness_attribution/asp_aafnet/public_cv_parity_v1/seed2024_fold1/eval/resnet50/results.json
ASP_clean,aafnet,asp_aafnet,2024,1,all_corruption_mean,0.6248369719308194,0.7317833853132975,outputs/public_robustness_attribution/asp_aafnet/public_cv_parity_v1/seed2024_fold1/eval/resnet50/results.json
ASP_clean,aafnet,asp_aafnet,2024,2,gauss_noise_mean,0.6368018145732918,0.7366033456195067,outputs/public_robustness_attribution/asp_aafnet/public_cv_parity_v1/seed2024_fold2/eval/resnet50/results.json
ASP_clean,aafnet,asp_aafnet,2024,2,motion_blur_mean,0.4241565069464134,0.7366033456195067,outputs/public_robustness_attribution/asp_aafnet/public_cv_parity_v1/seed2024_fold2/eval/resnet50/results.json
ASP_clean,aafnet,asp_aafnet,2024,2,jpeg_compress_mean,0.7195917210093564,0.7366033456195067,outputs/public_robustness_attribution/asp_aafnet/public_cv_parity_v1/seed2024_fold2/eval/resnet50/results.json
ASP_clean,aafnet,asp_aafnet,2024,2,brightness_mean,0.7076835837822512,0.7366033456195067,outputs/public_robustness_attribution/asp_aafnet/public_cv_parity_v1/seed2024_fold2/eval/resnet50/results.json
ASP_clean,aafnet,asp_aafnet,2024,2,occlusion_mean,0.6988942444003402,0.7366033456195067,outputs/public_robustness_attribution/asp_aafnet/public_cv_parity_v1/seed2024_fold2/eval/resnet50/results.json
ASP_clean,aafnet,asp_aafnet,2024,2,all_corruption_mean,0.6374255741423306,0.7366033456195067,outputs/public_robustness_attribution/asp_aafnet/public_cv_parity_v1/seed2024_fold2/eval/resnet50/results.json
ASP_clean,aafnet,asp_aafnet,2024,3,gauss_noise_mean,0.6637368868726964,0.7332010206974766,outputs/public_robustness_attribution/asp_aafnet/public_cv_parity_v1/seed2024_fold3/eval/resnet50/results.json
ASP_clean,aafnet,asp_aafnet,2024,3,motion_blur_mean,0.40875153577166623,0.7332010206974766,outputs/public_robustness_attribution/asp_aafnet/public_cv_parity_v1/seed2024_fold3/eval/resnet50/results.json
ASP_clean,aafnet,asp_aafnet,2024,3,jpeg_compress_mean,0.7229940459313865,0.7332010206974766,outputs/public_robustness_attribution/asp_aafnet/public_cv_parity_v1/seed2024_fold3/eval/resnet50/results.json
ASP_clean,aafnet,asp_aafnet,2024,3,brightness_mean,0.7061714393724601,0.7332010206974766,outputs/public_robustness_attribution/asp_aafnet/public_cv_parity_v1/seed2024_fold3/eval/resnet50/results.json
ASP_clean,aafnet,asp_aafnet,2024,3,occlusion_mean,0.6988942444003402,0.7332010206974766,outputs/public_robustness_attribution/asp_aafnet/public_cv_parity_v1/seed2024_fold3/eval/resnet50/results.json
ASP_clean,aafnet,asp_aafnet,2024,3,all_corruption_mean,0.6401096304697099,0.7332010206974766,outputs/public_robustness_attribution/asp_aafnet/public_cv_parity_v1/seed2024_fold3/eval/resnet50/results.json
ASP_clean,aafnet,asp_aafnet,2024,4,gauss_noise_mean,0.6661941215386069,0.7385880351573575,outputs/public_robustness_attribution/asp_aafnet/public_cv_parity_v1/seed2024_fold4/eval/resnet50/results.json
ASP_clean,aafnet,asp_aafnet,2024,4,motion_blur_mean,0.4324733012002646,0.7385880351573575,outputs/public_robustness_attribution/asp_aafnet/public_cv_parity_v1/seed2024_fold4/eval/resnet50/results.json
ASP_clean,aafnet,asp_aafnet,2024,4,jpeg_compress_mean,0.723844627161894,0.7385880351573575,outputs/public_robustness_attribution/asp_aafnet/public_cv_parity_v1/seed2024_fold4/eval/resnet50/results.json
ASP_clean,aafnet,asp_aafnet,2024,4,brightness_mean,0.7176070314715055,0.7385880351573575,outputs/public_robustness_attribution/asp_aafnet/public_cv_parity_v1/seed2024_fold4/eval/resnet50/results.json
ASP_clean,aafnet,asp_aafnet,2024,4,occlusion_mean,0.704659294962669,0.7385880351573575,outputs/public_robustness_attribution/asp_aafnet/public_cv_parity_v1/seed2024_fold4/eval/resnet50/results.json
ASP_clean,aafnet,asp_aafnet,2024,4,all_corruption_mean,0.648955675266988,0.7385880351573575,outputs/public_robustness_attribution/asp_aafnet/public_cv_parity_v1/seed2024_fold4/eval/resnet50/results.json
AS25_clean,baseline,as25_baseline,42,0,gauss_noise_mean,0.03589391860996799,0.6697530864197531,outputs/public_robustness_attribution/as25_baseline/public_cv_parity_v1/seed42_fold0/eval/resnet50/results.json
AS25_clean,baseline,as25_baseline,42,0,motion_blur_mean,0.28566529492455417,0.6697530864197531,outputs/public_robustness_attribution/as25_baseline/public_cv_parity_v1/seed42_fold0/eval/resnet50/results.json
AS25_clean,baseline,as25_baseline,42,0,jpeg_compress_mean,0.636374028349337,0.6697530864197531,outputs/public_robustness_attribution/as25_baseline/public_cv_parity_v1/seed42_fold0/eval/resnet50/results.json
AS25_clean,baseline,as25_baseline,42,0,brightness_mean,0.6163694558756287,0.6697530864197531,outputs/public_robustness_attribution/as25_baseline/public_cv_parity_v1/seed42_fold0/eval/resnet50/results.json
AS25_clean,baseline,as25_baseline,42,0,occlusion_mean,0.6007087334247828,0.6697530864197531,outputs/public_robustness_attribution/as25_baseline/public_cv_parity_v1/seed42_fold0/eval/resnet50/results.json
AS25_clean,baseline,as25_baseline,42,0,all_corruption_mean,0.43500228623685416,0.6697530864197531,outputs/public_robustness_attribution/as25_baseline/public_cv_parity_v1/seed42_fold0/eval/resnet50/results.json
AS25_clean,baseline,as25_baseline,42,1,gauss_noise_mean,0.045038866026520345,0.6673525377229081,outputs/public_robustness_attribution/as25_baseline/public_cv_parity_v1/seed42_fold1/eval/resnet50/results.json
AS25_clean,baseline,as25_baseline,42,1,motion_blur_mean,0.31858710562414266,0.6673525377229081,outputs/public_robustness_attribution/as25_baseline/public_cv_parity_v1/seed42_fold1/eval/resnet50/results.json
AS25_clean,baseline,as25_baseline,42,1,jpeg_compress_mean,0.6264288980338364,0.6673525377229081,outputs/public_robustness_attribution/as25_baseline/public_cv_parity_v1/seed42_fold1/eval/resnet50/results.json
AS25_clean,baseline,as25_baseline,42,1,brightness_mean,0.6211705532693187,0.6673525377229081,outputs/public_robustness_attribution/as25_baseline/public_cv_parity_v1/seed42_fold1/eval/resnet50/results.json
AS25_clean,baseline,as25_baseline,42,1,occlusion_mean,0.5928212162780063,0.6673525377229081,outputs/public_robustness_attribution/as25_baseline/public_cv_parity_v1/seed42_fold1/eval/resnet50/results.json
AS25_clean,baseline,as25_baseline,42,1,all_corruption_mean,0.4408093278463649,0.6673525377229081,outputs/public_robustness_attribution/as25_baseline/public_cv_parity_v1/seed42_fold1/eval/resnet50/results.json
AS25_clean,baseline,as25_baseline,42,2,gauss_noise_mean,0.04583904892546868,0.6563786008230452,outputs/public_robustness_attribution/as25_baseline/public_cv_parity_v1/seed42_fold2/eval/resnet50/results.json
AS25_clean,baseline,as25_baseline,42,2,motion_blur_mean,0.3329903978052126,0.6563786008230452,outputs/public_robustness_attribution/as25_baseline/public_cv_parity_v1/seed42_fold2/eval/resnet50/results.json
AS25_clean,baseline,as25_baseline,42,2,jpeg_compress_mean,0.6165980795610425,0.6563786008230452,outputs/public_robustness_attribution/as25_baseline/public_cv_parity_v1/seed42_fold2/eval/resnet50/results.json
AS25_clean,baseline,as25_baseline,42,2,brightness_mean,0.6072245084590764,0.6563786008230452,outputs/public_robustness_attribution/as25_baseline/public_cv_parity_v1/seed42_fold2/eval/resnet50/results.json
AS25_clean,baseline,as25_baseline,42,2,occlusion_mean,0.5941929583904892,0.6563786008230452,outputs/public_robustness_attribution/as25_baseline/public_cv_parity_v1/seed42_fold2/eval/resnet50/results.json
AS25_clean,baseline,as25_baseline,42,2,all_corruption_mean,0.4393689986282579,0.6563786008230452,outputs/public_robustness_attribution/as25_baseline/public_cv_parity_v1/seed42_fold2/eval/resnet50/results.json
AS25_clean,baseline,as25_baseline,42,3,gauss_noise_mean,0.032121627800640144,0.6642661179698217,outputs/public_robustness_attribution/as25_baseline/public_cv_parity_v1/seed42_fold3/eval/resnet50/results.json
AS25_clean,baseline,as25_baseline,42,3,motion_blur_mean,0.3009830818472794,0.6642661179698217,outputs/public_robustness_attribution/as25_baseline/public_cv_parity_v1/seed42_fold3/eval/resnet50/results.json
AS25_clean,baseline,as25_baseline,42,3,jpeg_compress_mean,0.6204846822130773,0.6642661179698217,outputs/public_robustness_attribution/as25_baseline/public_cv_parity_v1/seed42_fold3/eval/resnet50/results.json
AS25_clean,baseline,as25_baseline,42,3,brightness_mean,0.6129401005944216,0.6642661179698217,outputs/public_robustness_attribution/as25_baseline/public_cv_parity_v1/seed42_fold3/eval/resnet50/results.json
AS25_clean,baseline,as25_baseline,42,3,occlusion_mean,0.5943072702331962,0.6642661179698217,outputs/public_robustness_attribution/as25_baseline/public_cv_parity_v1/seed42_fold3/eval/resnet50/results.json
AS25_clean,baseline,as25_baseline,42,3,all_corruption_mean,0.4321673525377229,0.6642661179698217,outputs/public_robustness_attribution/as25_baseline/public_cv_parity_v1/seed42_fold3/eval/resnet50/results.json
AS25_clean,baseline,as25_baseline,42,4,gauss_noise_mean,0.0386374028349337,0.6618655692729767,outputs/public_robustness_attribution/as25_baseline/public_cv_parity_v1/seed42_fold4/eval/resnet50/results.json
AS25_clean,baseline,as25_baseline,42,4,motion_blur_mean,0.2935528120713306,0.6618655692729767,outputs/public_robustness_attribution/as25_baseline/public_cv_parity_v1/seed42_fold4/eval/resnet50/results.json
AS25_clean,baseline,as25_baseline,42,4,jpeg_compress_mean,0.6295153177869227,0.6618655692729767,outputs/public_robustness_attribution/as25_baseline/public_cv_parity_v1/seed42_fold4/eval/resnet50/results.json
AS25_clean,baseline,as25_baseline,42,4,brightness_mean,0.6175125743026978,0.6618655692729767,outputs/public_robustness_attribution/as25_baseline/public_cv_parity_v1/seed42_fold4/eval/resnet50/results.json
AS25_clean,baseline,as25_baseline,42,4,occlusion_mean,0.5880201188843164,0.6618655692729767,outputs/public_robustness_attribution/as25_baseline/public_cv_parity_v1/seed42_fold4/eval/resnet50/results.json
AS25_clean,baseline,as25_baseline,42,4,all_corruption_mean,0.43344764517604023,0.6618655692729767,outputs/public_robustness_attribution/as25_baseline/public_cv_parity_v1/seed42_fold4/eval/resnet50/results.json
AS25_clean,baseline,as25_baseline,1337,0,gauss_noise_mean,0.04000914494741655,0.6772976680384087,outputs/public_robustness_attribution/as25_baseline/public_cv_parity_v1/seed1337_fold0/eval/resnet50/results.json
AS25_clean,baseline,as25_baseline,1337,0,motion_blur_mean,0.3026977594878829,0.6772976680384087,outputs/public_robustness_attribution/as25_baseline/public_cv_parity_v1/seed1337_fold0/eval/resnet50/results.json
AS25_clean,baseline,as25_baseline,1337,0,jpeg_compress_mean,0.6281435756744399,0.6772976680384087,outputs/public_robustness_attribution/as25_baseline/public_cv_parity_v1/seed1337_fold0/eval/resnet50/results.json
AS25_clean,baseline,as25_baseline,1337,0,brightness_mean,0.6100823045267489,0.6772976680384087,outputs/public_robustness_attribution/as25_baseline/public_cv_parity_v1/seed1337_fold0/eval/resnet50/results.json
AS25_clean,baseline,as25_baseline,1337,0,occlusion_mean,0.5935070873342478,0.6772976680384087,outputs/public_robustness_attribution/as25_baseline/public_cv_parity_v1/seed1337_fold0/eval/resnet50/results.json
AS25_clean,baseline,as25_baseline,1337,0,all_corruption_mean,0.4348879743941472,0.6772976680384087,outputs/public_robustness_attribution/as25_baseline/public_cv_parity_v1/seed1337_fold0/eval/resnet50/results.json
AS25_clean,baseline,as25_baseline,1337,1,gauss_noise_mean,0.03966620941929584,0.6745541838134431,outputs/public_robustness_attribution/as25_baseline/public_cv_parity_v1/seed1337_fold1/eval/resnet50/results.json
AS25_clean,baseline,as25_baseline,1337,1,motion_blur_mean,0.32796067672610885,0.6745541838134431,outputs/public_robustness_attribution/as25_baseline/public_cv_parity_v1/seed1337_fold1/eval/resnet50/results.json
AS25_clean,baseline,as25_baseline,1337,1,jpeg_compress_mean,0.6343164151806128,0.6745541838134431,outputs/public_robustness_attribution/as25_baseline/public_cv_parity_v1/seed1337_fold1/eval/resnet50/results.json
AS25_clean,baseline,as25_baseline,1337,1,brightness_mean,0.6212848651120256,0.6745541838134431,outputs/public_robustness_attribution/as25_baseline/public_cv_parity_v1/seed1337_fold1/eval/resnet50/results.json
AS25_clean,baseline,as25_baseline,1337,1,occlusion_mean,0.6047096479195244,0.6745541838134431,outputs/public_robustness_attribution/as25_baseline/public_cv_parity_v1/seed1337_fold1/eval/resnet50/results.json
AS25_clean,baseline,as25_baseline,1337,1,all_corruption_mean,0.44558756287151347,0.6745541838134431,outputs/public_robustness_attribution/as25_baseline/public_cv_parity_v1/seed1337_fold1/eval/resnet50/results.json
AS25_clean,baseline,as25_baseline,1337,2,gauss_noise_mean,0.03920896204846822,0.6759259259259259,outputs/public_robustness_attribution/as25_baseline/public_cv_parity_v1/seed1337_fold2/eval/resnet50/results.json
AS25_clean,baseline,as25_baseline,1337,2,motion_blur_mean,0.2916095107453132,0.6759259259259259,outputs/public_robustness_attribution/as25_baseline/public_cv_parity_v1/seed1337_fold2/eval/resnet50/results.json
AS25_clean,baseline,as25_baseline,1337,2,jpeg_compress_mean,0.6289437585733882,0.6759259259259259,outputs/public_robustness_attribution/as25_baseline/public_cv_parity_v1/seed1337_fold2/eval/resnet50/results.json
AS25_clean,baseline,as25_baseline,1337,2,brightness_mean,0.6178555098308185,0.6759259259259259,outputs/public_robustness_attribution/as25_baseline/public_cv_parity_v1/seed1337_fold2/eval/resnet50/results.json
AS25_clean,baseline,as25_baseline,1337,2,occlusion_mean,0.6044810242341107,0.6759259259259259,outputs/public_robustness_attribution/as25_baseline/public_cv_parity_v1/seed1337_fold2/eval/resnet50/results.json
AS25_clean,baseline,as25_baseline,1337,2,all_corruption_mean,0.4364197530864198,0.6759259259259259,outputs/public_robustness_attribution/as25_baseline/public_cv_parity_v1/seed1337_fold2/eval/resnet50/results.json
AS25_clean,baseline,as25_baseline,1337,3,gauss_noise_mean,0.039780521262002745,0.6642661179698217,outputs/public_robustness_attribution/as25_baseline/public_cv_parity_v1/seed1337_fold3/eval/resnet50/results.json
AS25_clean,baseline,as25_baseline,1337,3,motion_blur_mean,0.3326474622770919,0.6642661179698217,outputs/public_robustness_attribution/as25_baseline/public_cv_parity_v1/seed1337_fold3/eval/resnet50/results.json
AS25_clean,baseline,as25_baseline,1337,3,jpeg_compress_mean,0.6228852309099223,0.6642661179698217,outputs/public_robustness_attribution/as25_baseline/public_cv_parity_v1/seed1337_fold3/eval/resnet50/results.json
AS25_clean,baseline,as25_baseline,1337,3,brightness_mean,0.6098536808413352,0.6642661179698217,outputs/public_robustness_attribution/as25_baseline/public_cv_parity_v1/seed1337_fold3/eval/resnet50/results.json
AS25_clean,baseline,as25_baseline,1337,3,occlusion_mean,0.5955647005029722,0.6642661179698217,outputs/public_robustness_attribution/as25_baseline/public_cv_parity_v1/seed1337_fold3/eval/resnet50/results.json
AS25_clean,baseline,as25_baseline,1337,3,all_corruption_mean,0.44014631915866487,0.6642661179698217,outputs/public_robustness_attribution/as25_baseline/public_cv_parity_v1/seed1337_fold3/eval/resnet50/results.json
AS25_clean,baseline,as25_baseline,1337,4,gauss_noise_mean,0.03235025148605396,0.6800411522633745,outputs/public_robustness_attribution/as25_baseline/public_cv_parity_v1/seed1337_fold4/eval/resnet50/results.json
AS25_clean,baseline,as25_baseline,1337,4,motion_blur_mean,0.3248742569730224,0.6800411522633745,outputs/public_robustness_attribution/as25_baseline/public_cv_parity_v1/seed1337_fold4/eval/resnet50/results.json
AS25_clean,baseline,as25_baseline,1337,4,jpeg_compress_mean,0.6262002743484225,0.6800411522633745,outputs/public_robustness_attribution/as25_baseline/public_cv_parity_v1/seed1337_fold4/eval/resnet50/results.json
AS25_clean,baseline,as25_baseline,1337,4,brightness_mean,0.6226566072245084,0.6800411522633745,outputs/public_robustness_attribution/as25_baseline/public_cv_parity_v1/seed1337_fold4/eval/resnet50/results.json
AS25_clean,baseline,as25_baseline,1337,4,occlusion_mean,0.6109967992684042,0.6800411522633745,outputs/public_robustness_attribution/as25_baseline/public_cv_parity_v1/seed1337_fold4/eval/resnet50/results.json
AS25_clean,baseline,as25_baseline,1337,4,all_corruption_mean,0.4434156378600823,0.6800411522633745,outputs/public_robustness_attribution/as25_baseline/public_cv_parity_v1/seed1337_fold4/eval/resnet50/results.json
AS25_clean,baseline,as25_baseline,2024,0,gauss_noise_mean,0.03326474622770919,0.6721536351165981,outputs/public_robustness_attribution/as25_baseline/public_cv_parity_v1/seed2024_fold0/eval/resnet50/results.json
AS25_clean,baseline,as25_baseline,2024,0,motion_blur_mean,0.3066986739826246,0.6721536351165981,outputs/public_robustness_attribution/as25_baseline/public_cv_parity_v1/seed2024_fold0/eval/resnet50/results.json
AS25_clean,baseline,as25_baseline,2024,0,jpeg_compress_mean,0.627914951989026,0.6721536351165981,outputs/public_robustness_attribution/as25_baseline/public_cv_parity_v1/seed2024_fold0/eval/resnet50/results.json
AS25_clean,baseline,as25_baseline,2024,0,brightness_mean,0.6108824874256973,0.6721536351165981,outputs/public_robustness_attribution/as25_baseline/public_cv_parity_v1/seed2024_fold0/eval/resnet50/results.json
AS25_clean,baseline,as25_baseline,2024,0,occlusion_mean,0.596822130772748,0.6721536351165981,outputs/public_robustness_attribution/as25_baseline/public_cv_parity_v1/seed2024_fold0/eval/resnet50/results.json
AS25_clean,baseline,as25_baseline,2024,0,all_corruption_mean,0.43511659807956105,0.6721536351165981,outputs/public_robustness_attribution/as25_baseline/public_cv_parity_v1/seed2024_fold0/eval/resnet50/results.json
AS25_clean,baseline,as25_baseline,2024,1,gauss_noise_mean,0.037494284407864654,0.668724279835391,outputs/public_robustness_attribution/as25_baseline/public_cv_parity_v1/seed2024_fold1/eval/resnet50/results.json
AS25_clean,baseline,as25_baseline,2024,1,motion_blur_mean,0.32704618198445357,0.668724279835391,outputs/public_robustness_attribution/as25_baseline/public_cv_parity_v1/seed2024_fold1/eval/resnet50/results.json
AS25_clean,baseline,as25_baseline,2024,1,jpeg_compress_mean,0.624371284865112,0.668724279835391,outputs/public_robustness_attribution/as25_baseline/public_cv_parity_v1/seed2024_fold1/eval/resnet50/results.json
AS25_clean,baseline,as25_baseline,2024,1,brightness_mean,0.6063100137174211,0.668724279835391,outputs/public_robustness_attribution/as25_baseline/public_cv_parity_v1/seed2024_fold1/eval/resnet50/results.json
AS25_clean,baseline,as25_baseline,2024,1,occlusion_mean,0.5917924096936442,0.668724279835391,outputs/public_robustness_attribution/as25_baseline/public_cv_parity_v1/seed2024_fold1/eval/resnet50/results.json
AS25_clean,baseline,as25_baseline,2024,1,all_corruption_mean,0.43740283493369914,0.668724279835391,outputs/public_robustness_attribution/as25_baseline/public_cv_parity_v1/seed2024_fold1/eval/resnet50/results.json
AS25_clean,baseline,as25_baseline,2024,2,gauss_noise_mean,0.03829446730681298,0.6611796982167353,outputs/public_robustness_attribution/as25_baseline/public_cv_parity_v1/seed2024_fold2/eval/resnet50/results.json
AS25_clean,baseline,as25_baseline,2024,2,motion_blur_mean,0.3100137174211248,0.6611796982167353,outputs/public_robustness_attribution/as25_baseline/public_cv_parity_v1/seed2024_fold2/eval/resnet50/results.json
AS25_clean,baseline,as25_baseline,2024,2,jpeg_compress_mean,0.613625971650663,0.6611796982167353,outputs/public_robustness_attribution/as25_baseline/public_cv_parity_v1/seed2024_fold2/eval/resnet50/results.json
AS25_clean,baseline,as25_baseline,2024,2,brightness_mean,0.601623228166438,0.6611796982167353,outputs/public_robustness_attribution/as25_baseline/public_cv_parity_v1/seed2024_fold2/eval/resnet50/results.json
AS25_clean,baseline,as25_baseline,2024,2,occlusion_mean,0.5883630544124372,0.6611796982167353,outputs/public_robustness_attribution/as25_baseline/public_cv_parity_v1/seed2024_fold2/eval/resnet50/results.json
AS25_clean,baseline,as25_baseline,2024,2,all_corruption_mean,0.4303840877914952,0.6611796982167353,outputs/public_robustness_attribution/as25_baseline/public_cv_parity_v1/seed2024_fold2/eval/resnet50/results.json
AS25_clean,baseline,as25_baseline,2024,3,gauss_noise_mean,0.03772290809327847,0.6690672153635117,outputs/public_robustness_attribution/as25_baseline/public_cv_parity_v1/seed2024_fold3/eval/resnet50/results.json
AS25_clean,baseline,as25_baseline,2024,3,motion_blur_mean,0.32898948331047095,0.6690672153635117,outputs/public_robustness_attribution/as25_baseline/public_cv_parity_v1/seed2024_fold3/eval/resnet50/results.json
AS25_clean,baseline,as25_baseline,2024,3,jpeg_compress_mean,0.620713305898491,0.6690672153635117,outputs/public_robustness_attribution/as25_baseline/public_cv_parity_v1/seed2024_fold3/eval/resnet50/results.json
AS25_clean,baseline,as25_baseline,2024,3,brightness_mean,0.6227709190672154,0.6690672153635117,outputs/public_robustness_attribution/as25_baseline/public_cv_parity_v1/seed2024_fold3/eval/resnet50/results.json
AS25_clean,baseline,as25_baseline,2024,3,occlusion_mean,0.60413808870599,0.6690672153635117,outputs/public_robustness_attribution/as25_baseline/public_cv_parity_v1/seed2024_fold3/eval/resnet50/results.json
AS25_clean,baseline,as25_baseline,2024,3,all_corruption_mean,0.44286694101508917,0.6690672153635117,outputs/public_robustness_attribution/as25_baseline/public_cv_parity_v1/seed2024_fold3/eval/resnet50/results.json
AS25_clean,baseline,as25_baseline,2024,4,gauss_noise_mean,0.03497942386831276,0.6594650205761317,outputs/public_robustness_attribution/as25_baseline/public_cv_parity_v1/seed2024_fold4/eval/resnet50/results.json
AS25_clean,baseline,as25_baseline,2024,4,motion_blur_mean,0.2836076817558299,0.6594650205761317,outputs/public_robustness_attribution/as25_baseline/public_cv_parity_v1/seed2024_fold4/eval/resnet50/results.json
AS25_clean,baseline,as25_baseline,2024,4,jpeg_compress_mean,0.6081390032007316,0.6594650205761317,outputs/public_robustness_attribution/as25_baseline/public_cv_parity_v1/seed2024_fold4/eval/resnet50/results.json
AS25_clean,baseline,as25_baseline,2024,4,brightness_mean,0.5972793781435757,0.6594650205761317,outputs/public_robustness_attribution/as25_baseline/public_cv_parity_v1/seed2024_fold4/eval/resnet50/results.json
AS25_clean,baseline,as25_baseline,2024,4,occlusion_mean,0.5891632373113854,0.6594650205761317,outputs/public_robustness_attribution/as25_baseline/public_cv_parity_v1/seed2024_fold4/eval/resnet50/results.json
AS25_clean,baseline,as25_baseline,2024,4,all_corruption_mean,0.42263374485596705,0.6594650205761317,outputs/public_robustness_attribution/as25_baseline/public_cv_parity_v1/seed2024_fold4/eval/resnet50/results.json
AS25_clean,aafnet,as25_aafnet,42,0,gauss_noise_mean,0.5988797439414724,0.6796982167352538,outputs/public_robustness_attribution/as25_aafnet/public_cv_parity_v1/seed42_fold0/eval/resnet50/results.json
AS25_clean,aafnet,as25_aafnet,42,0,motion_blur_mean,0.3616826703246456,0.6796982167352538,outputs/public_robustness_attribution/as25_aafnet/public_cv_parity_v1/seed42_fold0/eval/resnet50/results.json
AS25_clean,aafnet,as25_aafnet,42,0,jpeg_compress_mean,0.6681527206218564,0.6796982167352538,outputs/public_robustness_attribution/as25_aafnet/public_cv_parity_v1/seed42_fold0/eval/resnet50/results.json
AS25_clean,aafnet,as25_aafnet,42,0,brightness_mean,0.6534064929126657,0.6796982167352538,outputs/public_robustness_attribution/as25_aafnet/public_cv_parity_v1/seed42_fold0/eval/resnet50/results.json
AS25_clean,aafnet,as25_aafnet,42,0,occlusion_mean,0.6346593507087335,0.6796982167352538,outputs/public_robustness_attribution/as25_aafnet/public_cv_parity_v1/seed42_fold0/eval/resnet50/results.json
AS25_clean,aafnet,as25_aafnet,42,0,all_corruption_mean,0.5833561957018747,0.6796982167352538,outputs/public_robustness_attribution/as25_aafnet/public_cv_parity_v1/seed42_fold0/eval/resnet50/results.json
AS25_clean,aafnet,as25_aafnet,42,1,gauss_noise_mean,0.592135345221765,0.6807270233196159,outputs/public_robustness_attribution/as25_aafnet/public_cv_parity_v1/seed42_fold1/eval/resnet50/results.json
AS25_clean,aafnet,as25_aafnet,42,1,motion_blur_mean,0.3942615454961134,0.6807270233196159,outputs/public_robustness_attribution/as25_aafnet/public_cv_parity_v1/seed42_fold1/eval/resnet50/results.json
AS25_clean,aafnet,as25_aafnet,42,1,jpeg_compress_mean,0.6658664837677184,0.6807270233196159,outputs/public_robustness_attribution/as25_aafnet/public_cv_parity_v1/seed42_fold1/eval/resnet50/results.json
AS25_clean,aafnet,as25_aafnet,42,1,brightness_mean,0.6448331047096479,0.6807270233196159,outputs/public_robustness_attribution/as25_aafnet/public_cv_parity_v1/seed42_fold1/eval/resnet50/results.json
AS25_clean,aafnet,as25_aafnet,42,1,occlusion_mean,0.6307727480566987,0.6807270233196159,outputs/public_robustness_attribution/as25_aafnet/public_cv_parity_v1/seed42_fold1/eval/resnet50/results.json
AS25_clean,aafnet,as25_aafnet,42,1,all_corruption_mean,0.5855738454503887,0.6807270233196159,outputs/public_robustness_attribution/as25_aafnet/public_cv_parity_v1/seed42_fold1/eval/resnet50/results.json
AS25_clean,aafnet,as25_aafnet,42,2,gauss_noise_mean,0.5911065386374028,0.678326474622771,outputs/public_robustness_attribution/as25_aafnet/public_cv_parity_v1/seed42_fold2/eval/resnet50/results.json
AS25_clean,aafnet,as25_aafnet,42,2,motion_blur_mean,0.34899405578417925,0.678326474622771,outputs/public_robustness_attribution/as25_aafnet/public_cv_parity_v1/seed42_fold2/eval/resnet50/results.json
AS25_clean,aafnet,as25_aafnet,42,2,jpeg_compress_mean,0.6697530864197531,0.678326474622771,outputs/public_robustness_attribution/as25_aafnet/public_cv_parity_v1/seed42_fold2/eval/resnet50/results.json
AS25_clean,aafnet,as25_aafnet,42,2,brightness_mean,0.6478052126200274,0.678326474622771,outputs/public_robustness_attribution/as25_aafnet/public_cv_parity_v1/seed42_fold2/eval/resnet50/results.json
AS25_clean,aafnet,as25_aafnet,42,2,occlusion_mean,0.6322588020118884,0.678326474622771,outputs/public_robustness_attribution/as25_aafnet/public_cv_parity_v1/seed42_fold2/eval/resnet50/results.json
AS25_clean,aafnet,as25_aafnet,42,2,all_corruption_mean,0.5779835390946502,0.678326474622771,outputs/public_robustness_attribution/as25_aafnet/public_cv_parity_v1/seed42_fold2/eval/resnet50/results.json
AS25_clean,aafnet,as25_aafnet,42,3,gauss_noise_mean,0.5831047096479195,0.6676954732510288,outputs/public_robustness_attribution/as25_aafnet/public_cv_parity_v1/seed42_fold3/eval/resnet50/results.json
AS25_clean,aafnet,as25_aafnet,42,3,motion_blur_mean,0.3611111111111111,0.6676954732510288,outputs/public_robustness_attribution/as25_aafnet/public_cv_parity_v1/seed42_fold3/eval/resnet50/results.json
AS25_clean,aafnet,as25_aafnet,42,3,jpeg_compress_mean,0.6574074074074074,0.6676954732510288,outputs/public_robustness_attribution/as25_aafnet/public_cv_parity_v1/seed42_fold3/eval/resnet50/results.json
AS25_clean,aafnet,as25_aafnet,42,3,brightness_mean,0.6414037494284408,0.6676954732510288,outputs/public_robustness_attribution/as25_aafnet/public_cv_parity_v1/seed42_fold3/eval/resnet50/results.json
AS25_clean,aafnet,as25_aafnet,42,3,occlusion_mean,0.6234567901234568,0.6676954732510288,outputs/public_robustness_attribution/as25_aafnet/public_cv_parity_v1/seed42_fold3/eval/resnet50/results.json
AS25_clean,aafnet,as25_aafnet,42,3,all_corruption_mean,0.5732967535436672,0.6676954732510288,outputs/public_robustness_attribution/as25_aafnet/public_cv_parity_v1/seed42_fold3/eval/resnet50/results.json
AS25_clean,aafnet,as25_aafnet,42,4,gauss_noise_mean,0.5920210333790581,0.6704389574759945,outputs/public_robustness_attribution/as25_aafnet/public_cv_parity_v1/seed42_fold4/eval/resnet50/results.json
AS25_clean,aafnet,as25_aafnet,42,4,motion_blur_mean,0.41003657978966623,0.6704389574759945,outputs/public_robustness_attribution/as25_aafnet/public_cv_parity_v1/seed42_fold4/eval/resnet50/results.json
AS25_clean,aafnet,as25_aafnet,42,4,jpeg_compress_mean,0.6571787837219936,0.6704389574759945,outputs/public_robustness_attribution/as25_aafnet/public_cv_parity_v1/seed42_fold4/eval/resnet50/results.json
AS25_clean,aafnet,as25_aafnet,42,4,brightness_mean,0.6420896204846822,0.6704389574759945,outputs/public_robustness_attribution/as25_aafnet/public_cv_parity_v1/seed42_fold4/eval/resnet50/results.json
AS25_clean,aafnet,as25_aafnet,42,4,occlusion_mean,0.6305441243712849,0.6704389574759945,outputs/public_robustness_attribution/as25_aafnet/public_cv_parity_v1/seed42_fold4/eval/resnet50/results.json
AS25_clean,aafnet,as25_aafnet,42,4,all_corruption_mean,0.586374028349337,0.6704389574759945,outputs/public_robustness_attribution/as25_aafnet/public_cv_parity_v1/seed42_fold4/eval/resnet50/results.json
AS25_clean,aafnet,as25_aafnet,1337,0,gauss_noise_mean,0.6034522176497485,0.6827846364883402,outputs/public_robustness_attribution/as25_aafnet/public_cv_parity_v1/seed1337_fold0/eval/resnet50/results.json
AS25_clean,aafnet,as25_aafnet,1337,0,motion_blur_mean,0.3862597165066301,0.6827846364883402,outputs/public_robustness_attribution/as25_aafnet/public_cv_parity_v1/seed1337_fold0/eval/resnet50/results.json
AS25_clean,aafnet,as25_aafnet,1337,0,jpeg_compress_mean,0.6728395061728395,0.6827846364883402,outputs/public_robustness_attribution/as25_aafnet/public_cv_parity_v1/seed1337_fold0/eval/resnet50/results.json
AS25_clean,aafnet,as25_aafnet,1337,0,brightness_mean,0.6559213534522177,0.6827846364883402,outputs/public_robustness_attribution/as25_aafnet/public_cv_parity_v1/seed1337_fold0/eval/resnet50/results.json
AS25_clean,aafnet,as25_aafnet,1337,0,occlusion_mean,0.6319158664837677,0.6827846364883402,outputs/public_robustness_attribution/as25_aafnet/public_cv_parity_v1/seed1337_fold0/eval/resnet50/results.json
AS25_clean,aafnet,as25_aafnet,1337,0,all_corruption_mean,0.5900777320530407,0.6827846364883402,outputs/public_robustness_attribution/as25_aafnet/public_cv_parity_v1/seed1337_fold0/eval/resnet50/results.json
AS25_clean,aafnet,as25_aafnet,1337,1,gauss_noise_mean,0.5914494741655236,0.6796982167352538,outputs/public_robustness_attribution/as25_aafnet/public_cv_parity_v1/seed1337_fold1/eval/resnet50/results.json
AS25_clean,aafnet,as25_aafnet,1337,1,motion_blur_mean,0.40329218106995884,0.6796982167352538,outputs/public_robustness_attribution/as25_aafnet/public_cv_parity_v1/seed1337_fold1/eval/resnet50/results.json
AS25_clean,aafnet,as25_aafnet,1337,1,jpeg_compress_mean,0.6606081390032007,0.6796982167352538,outputs/public_robustness_attribution/as25_aafnet/public_cv_parity_v1/seed1337_fold1/eval/resnet50/results.json
AS25_clean,aafnet,as25_aafnet,1337,1,brightness_mean,0.6490626428898034,0.6796982167352538,outputs/public_robustness_attribution/as25_aafnet/public_cv_parity_v1/seed1337_fold1/eval/resnet50/results.json
AS25_clean,aafnet,as25_aafnet,1337,1,occlusion_mean,0.6296296296296297,0.6796982167352538,outputs/public_robustness_attribution/as25_aafnet/public_cv_parity_v1/seed1337_fold1/eval/resnet50/results.json
AS25_clean,aafnet,as25_aafnet,1337,1,all_corruption_mean,0.5868084133516233,0.6796982167352538,outputs/public_robustness_attribution/as25_aafnet/public_cv_parity_v1/seed1337_fold1/eval/resnet50/results.json
AS25_clean,aafnet,as25_aafnet,1337,2,gauss_noise_mean,0.592135345221765,0.6762688614540466,outputs/public_robustness_attribution/as25_aafnet/public_cv_parity_v1/seed1337_fold2/eval/resnet50/results.json
AS25_clean,aafnet,as25_aafnet,1337,2,motion_blur_mean,0.38157293095564704,0.6762688614540466,outputs/public_robustness_attribution/as25_aafnet/public_cv_parity_v1/seed1337_fold2/eval/resnet50/results.json
AS25_clean,aafnet,as25_aafnet,1337,2,jpeg_compress_mean,0.6606081390032007,0.6762688614540466,outputs/public_robustness_attribution/as25_aafnet/public_cv_parity_v1/seed1337_fold2/eval/resnet50/results.json
AS25_clean,aafnet,as25_aafnet,1337,2,brightness_mean,0.6415180612711477,0.6762688614540466,outputs/public_robustness_attribution/as25_aafnet/public_cv_parity_v1/seed1337_fold2/eval/resnet50/results.json
AS25_clean,aafnet,as25_aafnet,1337,2,occlusion_mean,0.6237997256515775,0.6762688614540466,outputs/public_robustness_attribution/as25_aafnet/public_cv_parity_v1/seed1337_fold2/eval/resnet50/results.json
AS25_clean,aafnet,as25_aafnet,1337,2,all_corruption_mean,0.5799268404206676,0.6762688614540466,outputs/public_robustness_attribution/as25_aafnet/public_cv_parity_v1/seed1337_fold2/eval/resnet50/results.json
AS25_clean,aafnet,as25_aafnet,1337,3,gauss_noise_mean,0.5857338820301783,0.6676954732510288,outputs/public_robustness_attribution/as25_aafnet/public_cv_parity_v1/seed1337_fold3/eval/resnet50/results.json
AS25_clean,aafnet,as25_aafnet,1337,3,motion_blur_mean,0.38100137174211246,0.6676954732510288,outputs/public_robustness_attribution/as25_aafnet/public_cv_parity_v1/seed1337_fold3/eval/resnet50/results.json
AS25_clean,aafnet,as25_aafnet,1337,3,jpeg_compress_mean,0.6523776863283036,0.6676954732510288,outputs/public_robustness_attribution/as25_aafnet/public_cv_parity_v1/seed1337_fold3/eval/resnet50/results.json
AS25_clean,aafnet,as25_aafnet,1337,3,brightness_mean,0.6402606310013718,0.6676954732510288,outputs/public_robustness_attribution/as25_aafnet/public_cv_parity_v1/seed1337_fold3/eval/resnet50/results.json
AS25_clean,aafnet,as25_aafnet,1337,3,occlusion_mean,0.6224279835390947,0.6676954732510288,outputs/public_robustness_attribution/as25_aafnet/public_cv_parity_v1/seed1337_fold3/eval/resnet50/results.json
AS25_clean,aafnet,as25_aafnet,1337,3,all_corruption_mean,0.5763603109282122,0.6676954732510288,outputs/public_robustness_attribution/as25_aafnet/public_cv_parity_v1/seed1337_fold3/eval/resnet50/results.json
AS25_clean,aafnet,as25_aafnet,1337,4,gauss_noise_mean,0.5947645176040238,0.6793552812071331,outputs/public_robustness_attribution/as25_aafnet/public_cv_parity_v1/seed1337_fold4/eval/resnet50/results.json
AS25_clean,aafnet,as25_aafnet,1337,4,motion_blur_mean,0.3592821216278006,0.6793552812071331,outputs/public_robustness_attribution/as25_aafnet/public_cv_parity_v1/seed1337_fold4/eval/resnet50/results.json
AS25_clean,aafnet,as25_aafnet,1337,4,jpeg_compress_mean,0.6668952903520805,0.6793552812071331,outputs/public_robustness_attribution/as25_aafnet/public_cv_parity_v1/seed1337_fold4/eval/resnet50/results.json
AS25_clean,aafnet,as25_aafnet,1337,4,brightness_mean,0.6526063100137174,0.6793552812071331,outputs/public_robustness_attribution/as25_aafnet/public_cv_parity_v1/seed1337_fold4/eval/resnet50/results.json
AS25_clean,aafnet,as25_aafnet,1337,4,occlusion_mean,0.6348879743941472,0.6793552812071331,outputs/public_robustness_attribution/as25_aafnet/public_cv_parity_v1/seed1337_fold4/eval/resnet50/results.json
AS25_clean,aafnet,as25_aafnet,1337,4,all_corruption_mean,0.5816872427983539,0.6793552812071331,outputs/public_robustness_attribution/as25_aafnet/public_cv_parity_v1/seed1337_fold4/eval/resnet50/results.json
AS25_clean,aafnet,as25_aafnet,2024,0,gauss_noise_mean,0.5825331504343849,0.6776406035665294,outputs/public_robustness_attribution/as25_aafnet/public_cv_parity_v1/seed2024_fold0/eval/resnet50/results.json
AS25_clean,aafnet,as25_aafnet,2024,0,motion_blur_mean,0.386374028349337,0.6776406035665294,outputs/public_robustness_attribution/as25_aafnet/public_cv_parity_v1/seed2024_fold0/eval/resnet50/results.json
AS25_clean,aafnet,as25_aafnet,2024,0,jpeg_compress_mean,0.6643804298125285,0.6776406035665294,outputs/public_robustness_attribution/as25_aafnet/public_cv_parity_v1/seed2024_fold0/eval/resnet50/results.json
AS25_clean,aafnet,as25_aafnet,2024,0,brightness_mean,0.6505486968449932,0.6776406035665294,outputs/public_robustness_attribution/as25_aafnet/public_cv_parity_v1/seed2024_fold0/eval/resnet50/results.json
AS25_clean,aafnet,as25_aafnet,2024,0,occlusion_mean,0.6296296296296297,0.6776406035665294,outputs/public_robustness_attribution/as25_aafnet/public_cv_parity_v1/seed2024_fold0/eval/resnet50/results.json
AS25_clean,aafnet,as25_aafnet,2024,0,all_corruption_mean,0.5826931870141747,0.6776406035665294,outputs/public_robustness_attribution/as25_aafnet/public_cv_parity_v1/seed2024_fold0/eval/resnet50/results.json
AS25_clean,aafnet,as25_aafnet,2024,1,gauss_noise_mean,0.6002514860539552,0.684156378600823,outputs/public_robustness_attribution/as25_aafnet/public_cv_parity_v1/seed2024_fold1/eval/resnet50/results.json
AS25_clean,aafnet,as25_aafnet,2024,1,motion_blur_mean,0.41380887059899407,0.684156378600823,outputs/public_robustness_attribution/as25_aafnet/public_cv_parity_v1/seed2024_fold1/eval/resnet50/results.json
AS25_clean,aafnet,as25_aafnet,2024,1,jpeg_compress_mean,0.6607224508459076,0.684156378600823,outputs/public_robustness_attribution/as25_aafnet/public_cv_parity_v1/seed2024_fold1/eval/resnet50/results.json
AS25_clean,aafnet,as25_aafnet,2024,1,brightness_mean,0.6572930955647005,0.684156378600823,outputs/public_robustness_attribution/as25_aafnet/public_cv_parity_v1/seed2024_fold1/eval/resnet50/results.json
AS25_clean,aafnet,as25_aafnet,2024,1,occlusion_mean,0.6380887059899406,0.684156378600823,outputs/public_robustness_attribution/as25_aafnet/public_cv_parity_v1/seed2024_fold1/eval/resnet50/results.json
AS25_clean,aafnet,as25_aafnet,2024,1,all_corruption_mean,0.5940329218106996,0.684156378600823,outputs/public_robustness_attribution/as25_aafnet/public_cv_parity_v1/seed2024_fold1/eval/resnet50/results.json
AS25_clean,aafnet,as25_aafnet,2024,2,gauss_noise_mean,0.6026520347508002,0.6820987654320988,outputs/public_robustness_attribution/as25_aafnet/public_cv_parity_v1/seed2024_fold2/eval/resnet50/results.json
AS25_clean,aafnet,as25_aafnet,2024,2,motion_blur_mean,0.40077732053040693,0.6820987654320988,outputs/public_robustness_attribution/as25_aafnet/public_cv_parity_v1/seed2024_fold2/eval/resnet50/results.json
AS25_clean,aafnet,as25_aafnet,2024,2,jpeg_compress_mean,0.6785550983081847,0.6820987654320988,outputs/public_robustness_attribution/as25_aafnet/public_cv_parity_v1/seed2024_fold2/eval/resnet50/results.json
AS25_clean,aafnet,as25_aafnet,2024,2,brightness_mean,0.6506630086877001,0.6820987654320988,outputs/public_robustness_attribution/as25_aafnet/public_cv_parity_v1/seed2024_fold2/eval/resnet50/results.json
AS25_clean,aafnet,as25_aafnet,2024,2,occlusion_mean,0.6401463191586648,0.6820987654320988,outputs/public_robustness_attribution/as25_aafnet/public_cv_parity_v1/seed2024_fold2/eval/resnet50/results.json
AS25_clean,aafnet,as25_aafnet,2024,2,all_corruption_mean,0.5945587562871514,0.6820987654320988,outputs/public_robustness_attribution/as25_aafnet/public_cv_parity_v1/seed2024_fold2/eval/resnet50/results.json
AS25_clean,aafnet,as25_aafnet,2024,3,gauss_noise_mean,0.595679012345679,0.6642661179698217,outputs/public_robustness_attribution/as25_aafnet/public_cv_parity_v1/seed2024_fold3/eval/resnet50/results.json
AS25_clean,aafnet,as25_aafnet,2024,3,motion_blur_mean,0.3605395518975766,0.6642661179698217,outputs/public_robustness_attribution/as25_aafnet/public_cv_parity_v1/seed2024_fold3/eval/resnet50/results.json
AS25_clean,aafnet,as25_aafnet,2024,3,jpeg_compress_mean,0.6548925468678555,0.6642661179698217,outputs/public_robustness_attribution/as25_aafnet/public_cv_parity_v1/seed2024_fold3/eval/resnet50/results.json
AS25_clean,aafnet,as25_aafnet,2024,3,brightness_mean,0.6352309099222679,0.6642661179698217,outputs/public_robustness_attribution/as25_aafnet/public_cv_parity_v1/seed2024_fold3/eval/resnet50/results.json
AS25_clean,aafnet,as25_aafnet,2024,3,occlusion_mean,0.6227709190672154,0.6642661179698217,outputs/public_robustness_attribution/as25_aafnet/public_cv_parity_v1/seed2024_fold3/eval/resnet50/results.json
AS25_clean,aafnet,as25_aafnet,2024,3,all_corruption_mean,0.5738225880201189,0.6642661179698217,outputs/public_robustness_attribution/as25_aafnet/public_cv_parity_v1/seed2024_fold3/eval/resnet50/results.json
AS25_clean,aafnet,as25_aafnet,2024,4,gauss_noise_mean,0.5903063557384545,0.6776406035665294,outputs/public_robustness_attribution/as25_aafnet/public_cv_parity_v1/seed2024_fold4/eval/resnet50/results.json
AS25_clean,aafnet,as25_aafnet,2024,4,motion_blur_mean,0.36454046639231824,0.6776406035665294,outputs/public_robustness_attribution/as25_aafnet/public_cv_parity_v1/seed2024_fold4/eval/resnet50/results.json
AS25_clean,aafnet,as25_aafnet,2024,4,jpeg_compress_mean,0.6666666666666666,0.6776406035665294,outputs/public_robustness_attribution/as25_aafnet/public_cv_parity_v1/seed2024_fold4/eval/resnet50/results.json
AS25_clean,aafnet,as25_aafnet,2024,4,brightness_mean,0.6448331047096479,0.6776406035665294,outputs/public_robustness_attribution/as25_aafnet/public_cv_parity_v1/seed2024_fold4/eval/resnet50/results.json
AS25_clean,aafnet,as25_aafnet,2024,4,occlusion_mean,0.6302011888431642,0.6776406035665294,outputs/public_robustness_attribution/as25_aafnet/public_cv_parity_v1/seed2024_fold4/eval/resnet50/results.json
AS25_clean,aafnet,as25_aafnet,2024,4,all_corruption_mean,0.5793095564700503,0.6776406035665294,outputs/public_robustness_attribution/as25_aafnet/public_cv_parity_v1/seed2024_fold4/eval/resnet50/results.json
